{
	"name": "autosize",
	"title": "Autosize",
	"description": "Automatically adjust textarea height based on user input.",
	"version": "1.18.4",
	"dependencies": {
		"jquery": ">=1.7"
	},
	"keywords": [
		"form",
		"textarea",
		"ui",
		"jQuery"
	],
	"author": {
		"name": "Jack Moore",
		"url": "http://www.jacklmoore.com",
		"email": "hello@jacklmoore.com"
	},
	"licenses": [
		{
			"type": "MIT",
			"url": "http://www.opensource.org/licenses/mit-license.php"
		}
	],
	"homepage": "http://www.jacklmoore.com/autosize",
	"demo": "http://www.jacklmoore.com/autosize"
}